-- ============================================================
-- Real Staff Data Seed
-- ============================================================

-- Clear demo data
DELETE FROM staff WHERE tenant_id = '00000000-0000-0000-0000-000000000001';
DELETE FROM departments WHERE outlet_id IN (SELECT id FROM outlets WHERE tenant_id = '00000000-0000-0000-0000-000000000001');
DELETE FROM outlets WHERE tenant_id = '00000000-0000-0000-0000-000000000001';
DELETE FROM brands WHERE tenant_id = '00000000-0000-0000-0000-000000000001';
UPDATE tenants SET name = 'Capiche & Aiko Restaurant Group', slug = 'capiche-aiko', country = 'IN', timezone = 'Asia/Kolkata', currency = 'INR' WHERE id = '00000000-0000-0000-0000-000000000001';

-- Brands
INSERT INTO brands (id, tenant_id, name) VALUES
  ('10000000-0000-0000-0000-000000000001', '00000000-0000-0000-0000-000000000001', 'Capiche'),
  ('10000000-0000-0000-0000-000000000002', '00000000-0000-0000-0000-000000000001', 'Aiko'),
  ('10000000-0000-0000-0000-000000000003', '00000000-0000-0000-0000-000000000001', 'Bakery'),
  ('10000000-0000-0000-0000-000000000004', '00000000-0000-0000-0000-000000000001', 'Central Kitchen');

-- Outlets
INSERT INTO outlets (id, tenant_id, brand_id, code, name, type, address, contact) VALUES
  ('20000000-0000-0000-0000-000000000001','00000000-0000-0000-0000-000000000001','10000000-0000-0000-0000-000000000001','CAP-PIL','Capiche Piplod','dine_in','{"city":"Surat","state":"Gujarat","country":"IN"}','{"email":"piplod@capiche.in"}'),
  ('20000000-0000-0000-0000-000000000002','00000000-0000-0000-0000-000000000001','10000000-0000-0000-0000-000000000002','AIK-SUR','Aiko Surat','dine_in','{"city":"Surat","state":"Gujarat","country":"IN"}','{"email":"surat@aiko.in"}'),
  ('20000000-0000-0000-0000-000000000003','00000000-0000-0000-0000-000000000001','10000000-0000-0000-0000-000000000001','CAP-VES','Capiche Vesu','dine_in','{"city":"Surat","state":"Gujarat","country":"IN"}','{"email":"vesu@capiche.in"}'),
  ('20000000-0000-0000-0000-000000000004','00000000-0000-0000-0000-000000000001','10000000-0000-0000-0000-000000000003','BAK-SUR','Bakery Surat','cafe','{"city":"Surat","state":"Gujarat","country":"IN"}','{"email":"bakery@surat.in"}'),
  ('20000000-0000-0000-0000-000000000005','00000000-0000-0000-0000-000000000001','10000000-0000-0000-0000-000000000003','BAK-AHM','Bakery Ahmedabad','cafe','{"city":"Ahmedabad","state":"Gujarat","country":"IN"}','{"email":"bakery@ahm.in"}'),
  ('20000000-0000-0000-0000-000000000006','00000000-0000-0000-0000-000000000001','10000000-0000-0000-0000-000000000001','CAP-AMB','Capiche Ambli','dine_in','{"city":"Ahmedabad","state":"Gujarat","country":"IN"}','{"email":"ambli@capiche.in"}'),
  ('20000000-0000-0000-0000-000000000007','00000000-0000-0000-0000-000000000001','10000000-0000-0000-0000-000000000001','CAP-UNI','Capiche Uni','dine_in','{"city":"Ahmedabad","state":"Gujarat","country":"IN"}','{"email":"uni@capiche.in"}'),
  ('20000000-0000-0000-0000-000000000008','00000000-0000-0000-0000-000000000001','10000000-0000-0000-0000-000000000002','AIK-AHM','Aiko Ahmedabad','dine_in','{"city":"Ahmedabad","state":"Gujarat","country":"IN"}','{"email":"ahm@aiko.in"}'),
  ('20000000-0000-0000-0000-000000000009','00000000-0000-0000-0000-000000000001','10000000-0000-0000-0000-000000000004','CPK-AHM','Central Prep Kitchen AHM','cloud_kitchen','{"city":"Ahmedabad","state":"Gujarat","country":"IN"}','{"email":"cpk@ahm.in"}'),
  ('20000000-0000-0000-0000-000000000010','00000000-0000-0000-0000-000000000001','10000000-0000-0000-0000-000000000004','CPK-SUR','Central Prep Kitchen Surat','cloud_kitchen','{"city":"Surat","state":"Gujarat","country":"IN"}','{"email":"cpk@surat.in"}'),
  ('20000000-0000-0000-0000-000000000011','00000000-0000-0000-0000-000000000001','10000000-0000-0000-0000-000000000004','RND-HQ','R&D + Kitchen Execution','other','{"city":"Surat","state":"Gujarat","country":"IN"}','{"email":"rnd@capiche.in"}'),
  ('20000000-0000-0000-0000-000000000012','00000000-0000-0000-0000-000000000001','10000000-0000-0000-0000-000000000004','ODC-HQ','ODC Team','other','{"city":"Surat","state":"Gujarat","country":"IN"}','{"email":"odc@capiche.in"}');

-- Positions (tenant-wide)
INSERT INTO positions (id, tenant_id, department_template, name, level) VALUES
  ('40000000-0000-0000-0000-000000000001','00000000-0000-0000-0000-000000000001','Kitchen','Pizza Chef',2),
  ('40000000-0000-0000-0000-000000000002','00000000-0000-0000-0000-000000000001','Kitchen','Pasta Chef',2),
  ('40000000-0000-0000-0000-000000000003','00000000-0000-0000-0000-000000000001','Kitchen','WOK Chef',2),
  ('40000000-0000-0000-0000-000000000004','00000000-0000-0000-0000-000000000001','Kitchen','Sushi Chef',2),
  ('40000000-0000-0000-0000-000000000005','00000000-0000-0000-0000-000000000001','Kitchen','Drinks/Barista',2),
  ('40000000-0000-0000-0000-000000000006','00000000-0000-0000-0000-000000000001','Service','Service Staff',1),
  ('40000000-0000-0000-0000-000000000007','00000000-0000-0000-0000-000000000001','Service','Manager on Duty',4),
  ('40000000-0000-0000-0000-000000000008','00000000-0000-0000-0000-000000000001','Service','Guest Relations Executive',3),
  ('40000000-0000-0000-0000-000000000009','00000000-0000-0000-0000-000000000001','Housekeeping','Housekeeping Staff',1),
  ('40000000-0000-0000-0000-000000000010','00000000-0000-0000-0000-000000000001','Security','Watchman',1),
  ('40000000-0000-0000-0000-000000000011','00000000-0000-0000-0000-000000000001','Kitchen','Kitchen Prep Staff',2),
  ('40000000-0000-0000-0000-000000000012','00000000-0000-0000-0000-000000000001','R&D','R&D Chef',3),
  ('40000000-0000-0000-0000-000000000013','00000000-0000-0000-0000-000000000001','ODC','ODC Staff',2),
  ('40000000-0000-0000-0000-000000000014','00000000-0000-0000-0000-000000000001','Management','Outlet Manager',5);

-- Departments per outlet
DO $$
DECLARE
  outlet_ids UUID[] := ARRAY[
    '20000000-0000-0000-0000-000000000001',
    '20000000-0000-0000-0000-000000000002',
    '20000000-0000-0000-0000-000000000003',
    '20000000-0000-0000-0000-000000000006',
    '20000000-0000-0000-0000-000000000007',
    '20000000-0000-0000-0000-000000000008'
  ];
  oid UUID;
BEGIN
  FOREACH oid IN ARRAY outlet_ids LOOP
    INSERT INTO departments (outlet_id, name, sort_order) VALUES
      (oid, 'Kitchen', 1),
      (oid, 'Service', 2),
      (oid, 'Housekeeping', 3),
      (oid, 'Security', 4);
  END LOOP;
END $$;

INSERT INTO departments (outlet_id, name, sort_order) VALUES
  ('20000000-0000-0000-0000-000000000004', 'Bakery', 1),
  ('20000000-0000-0000-0000-000000000004', 'Housekeeping', 2),
  ('20000000-0000-0000-0000-000000000005', 'Bakery', 1),
  ('20000000-0000-0000-0000-000000000005', 'Housekeeping', 2),
  ('20000000-0000-0000-0000-000000000009', 'Kitchen', 1),
  ('20000000-0000-0000-0000-000000000009', 'Housekeeping', 2),
  ('20000000-0000-0000-0000-000000000010', 'Kitchen', 1),
  ('20000000-0000-0000-0000-000000000010', 'Housekeeping', 2),
  ('20000000-0000-0000-0000-000000000011', 'R&D', 1),
  ('20000000-0000-0000-0000-000000000012', 'ODC', 1);

-- ──────────────────────────────────────────────────────────────
-- STAFF
-- ──────────────────────────────────────────────────────────────

-- CAPICHE PIPLOD
INSERT INTO staff (tenant_id, employee_id, name, phone, primary_outlet_id, current_outlet_id, position_id, employment_type, employment_status, join_date) VALUES
  ('00000000-0000-0000-0000-000000000001','CP-001','Rahul Jatin Shah','0000000001','20000000-0000-0000-0000-000000000001','20000000-0000-0000-0000-000000000001','40000000-0000-0000-0000-000000000014','full_time','active','2022-01-01'),
  ('00000000-0000-0000-0000-000000000001','CP-002','Pallavkumar Nareshbhai Chaudhri','0000000002','20000000-0000-0000-0000-000000000001','20000000-0000-0000-0000-000000000001','40000000-0000-0000-0000-000000000001','full_time','active','2022-01-01'),
  ('00000000-0000-0000-0000-000000000001','CP-003','Ajay Bilvad','0000000003','20000000-0000-0000-0000-000000000001','20000000-0000-0000-0000-000000000001','40000000-0000-0000-0000-000000000001','full_time','active','2022-01-01'),
  ('00000000-0000-0000-0000-000000000001','CP-004','Aditya Paliwar','0000000004','20000000-0000-0000-0000-000000000001','20000000-0000-0000-0000-000000000001','40000000-0000-0000-0000-000000000001','full_time','active','2022-01-01'),
  ('00000000-0000-0000-0000-000000000001','CP-005','Dimmar Varun Kumar','0000000005','20000000-0000-0000-0000-000000000001','20000000-0000-0000-0000-000000000001','40000000-0000-0000-0000-000000000001','full_time','active','2022-01-01'),
  ('00000000-0000-0000-0000-000000000001','CP-006','Keyur Daruwala','0000000006','20000000-0000-0000-0000-000000000001','20000000-0000-0000-0000-000000000001','40000000-0000-0000-0000-000000000001','full_time','active','2022-01-01'),
  ('00000000-0000-0000-0000-000000000001','CP-007','Shreeekant Pandit','0000000007','20000000-0000-0000-0000-000000000001','20000000-0000-0000-0000-000000000001','40000000-0000-0000-0000-000000000001','full_time','active','2022-01-01'),
  ('00000000-0000-0000-0000-000000000001','CP-008','Kajal Thakor','0000000008','20000000-0000-0000-0000-000000000001','20000000-0000-0000-0000-000000000001','40000000-0000-0000-0000-000000000002','full_time','active','2022-01-01'),
  ('00000000-0000-0000-0000-000000000001','CP-009','Mtangi Patel','0000000009','20000000-0000-0000-0000-000000000001','20000000-0000-0000-0000-000000000001','40000000-0000-0000-0000-000000000002','full_time','active','2022-01-01'),
  ('00000000-0000-0000-0000-000000000001','CP-010','Anjali Vasava','0000000010','20000000-0000-0000-0000-000000000001','20000000-0000-0000-0000-000000000001','40000000-0000-0000-0000-000000000005','full_time','active','2022-01-01'),
  ('00000000-0000-0000-0000-000000000001','CP-011','Vibhuti Chaudhari','0000000011','20000000-0000-0000-0000-000000000001','20000000-0000-0000-0000-000000000001','40000000-0000-0000-0000-000000000005','full_time','active','2022-01-01'),
  ('00000000-0000-0000-0000-000000000001','CP-012','Aashika Khakhi','0000000012','20000000-0000-0000-0000-000000000001','20000000-0000-0000-0000-000000000001','40000000-0000-0000-0000-000000000006','full_time','active','2022-01-01'),
  ('00000000-0000-0000-0000-000000000001','CP-013','Rishal Sangle','0000000013','20000000-0000-0000-0000-000000000001','20000000-0000-0000-0000-000000000001','40000000-0000-0000-0000-000000000006','full_time','active','2022-01-01'),
  ('00000000-0000-0000-0000-000000000001','CP-014','Yash Daruwala','0000000014','20000000-0000-0000-0000-000000000001','20000000-0000-0000-0000-000000000001','40000000-0000-0000-0000-000000000006','full_time','active','2022-01-01'),
  ('00000000-0000-0000-0000-000000000001','CP-015','Neelesh Sharwar','0000000015','20000000-0000-0000-0000-000000000001','20000000-0000-0000-0000-000000000001','40000000-0000-0000-0000-000000000006','full_time','active','2022-01-01'),
  ('00000000-0000-0000-0000-000000000001','CP-016','Jagannath Panda','0000000016','20000000-0000-0000-0000-000000000001','20000000-0000-0000-0000-000000000001','40000000-0000-0000-0000-000000000006','full_time','active','2022-01-01'),
  ('00000000-0000-0000-0000-000000000001','CP-017','Kelash Kumar','0000000017','20000000-0000-0000-0000-000000000001','20000000-0000-0000-0000-000000000001','40000000-0000-0000-0000-000000000009','full_time','active','2022-01-01'),
  ('00000000-0000-0000-0000-000000000001','CP-018','Nitesh Kumar','0000000018','20000000-0000-0000-0000-000000000001','20000000-0000-0000-0000-000000000001','40000000-0000-0000-0000-000000000009','full_time','active','2022-01-01'),
  ('00000000-0000-0000-0000-000000000001','CP-019','Sanjay Kumar Mahto','0000000019','20000000-0000-0000-0000-000000000001','20000000-0000-0000-0000-000000000001','40000000-0000-0000-0000-000000000009','full_time','active','2022-01-01'),
  ('00000000-0000-0000-0000-000000000001','CP-020','Jadav Satishbhai Sonivarbhai','0000000020','20000000-0000-0000-0000-000000000001','20000000-0000-0000-0000-000000000001','40000000-0000-0000-0000-000000000009','full_time','active','2022-01-01'),
  ('00000000-0000-0000-0000-000000000001','CP-021','Krishna Kumar Ram','0000000021','20000000-0000-0000-0000-000000000001','20000000-0000-0000-0000-000000000001','40000000-0000-0000-0000-000000000010','full_time','active','2022-01-01');

-- AIKO SURAT
INSERT INTO staff (tenant_id, employee_id, name, phone, primary_outlet_id, current_outlet_id, position_id, employment_type, employment_status, join_date) VALUES
  ('00000000-0000-0000-0000-000000000001','AS-001','Harish Vishwakarma','0000000101','20000000-0000-0000-0000-000000000002','20000000-0000-0000-0000-000000000002','40000000-0000-0000-0000-000000000014','full_time','active','2022-01-01'),
  ('00000000-0000-0000-0000-000000000001','AS-002','Dhruvil Jariwala','0000000102','20000000-0000-0000-0000-000000000002','20000000-0000-0000-0000-000000000002','40000000-0000-0000-0000-000000000001','full_time','active','2022-01-01'),
  ('00000000-0000-0000-0000-000000000001','AS-003','Yashdeep Jitendra Singh','0000000103','20000000-0000-0000-0000-000000000002','20000000-0000-0000-0000-000000000002','40000000-0000-0000-0000-000000000001','full_time','active','2022-01-01'),
  ('00000000-0000-0000-0000-000000000001','AS-004','Jasmin Chaudhari','0000000104','20000000-0000-0000-0000-000000000002','20000000-0000-0000-0000-000000000002','40000000-0000-0000-0000-000000000001','full_time','active','2022-01-01'),
  ('00000000-0000-0000-0000-000000000001','AS-005','Ajay Ram Bhoriram','0000000105','20000000-0000-0000-0000-000000000002','20000000-0000-0000-0000-000000000002','40000000-0000-0000-0000-000000000001','full_time','active','2022-01-01'),
  ('00000000-0000-0000-0000-000000000001','AS-006','Roman Memon','0000000106','20000000-0000-0000-0000-000000000002','20000000-0000-0000-0000-000000000002','40000000-0000-0000-0000-000000000001','full_time','active','2022-01-01'),
  ('00000000-0000-0000-0000-000000000001','AS-007','Upadhyay Abhay Rakeshbhai','0000000107','20000000-0000-0000-0000-000000000002','20000000-0000-0000-0000-000000000002','40000000-0000-0000-0000-000000000001','full_time','active','2022-01-01'),
  ('00000000-0000-0000-0000-000000000001','AS-008','Amt Shersingh Odd','0000000108','20000000-0000-0000-0000-000000000002','20000000-0000-0000-0000-000000000002','40000000-0000-0000-0000-000000000003','full_time','active','2022-01-01'),
  ('00000000-0000-0000-0000-000000000001','AS-009','Ravi Kumar Singh','0000000109','20000000-0000-0000-0000-000000000002','20000000-0000-0000-0000-000000000002','40000000-0000-0000-0000-000000000003','full_time','active','2022-01-01'),
  ('00000000-0000-0000-0000-000000000001','AS-010','Rupesh Ram','0000000110','20000000-0000-0000-0000-000000000002','20000000-0000-0000-0000-000000000002','40000000-0000-0000-0000-000000000003','full_time','active','2022-01-01'),
  ('00000000-0000-0000-0000-000000000001','AS-011','Ayush Chaudhari','0000000111','20000000-0000-0000-0000-000000000002','20000000-0000-0000-0000-000000000002','40000000-0000-0000-0000-000000000003','full_time','active','2022-01-01'),
  ('00000000-0000-0000-0000-000000000001','AS-012','Bhautik Bharucha','0000000112','20000000-0000-0000-0000-000000000002','20000000-0000-0000-0000-000000000002','40000000-0000-0000-0000-000000000004','full_time','active','2022-01-01'),
  ('00000000-0000-0000-0000-000000000001','AS-013','Karan Vasava','0000000113','20000000-0000-0000-0000-000000000002','20000000-0000-0000-0000-000000000002','40000000-0000-0000-0000-000000000004','full_time','active','2022-01-01'),
  ('00000000-0000-0000-0000-000000000001','AS-014','Deepak Kumar','0000000114','20000000-0000-0000-0000-000000000002','20000000-0000-0000-0000-000000000002','40000000-0000-0000-0000-000000000004','full_time','active','2022-01-01'),
  ('00000000-0000-0000-0000-000000000001','AS-015','Bhavisha Gajjar','0000000115','20000000-0000-0000-0000-000000000002','20000000-0000-0000-0000-000000000002','40000000-0000-0000-0000-000000000004','full_time','active','2022-01-01'),
  ('00000000-0000-0000-0000-000000000001','AS-016','Dinesh Patil','0000000116','20000000-0000-0000-0000-000000000002','20000000-0000-0000-0000-000000000002','40000000-0000-0000-0000-000000000005','full_time','active','2022-01-01'),
  ('00000000-0000-0000-0000-000000000001','AS-017','Reena Parmar','0000000117','20000000-0000-0000-0000-000000000002','20000000-0000-0000-0000-000000000002','40000000-0000-0000-0000-000000000005','full_time','active','2022-01-01'),
  ('00000000-0000-0000-0000-000000000001','AS-018','Rajiv Das','0000000118','20000000-0000-0000-0000-000000000002','20000000-0000-0000-0000-000000000002','40000000-0000-0000-0000-000000000005','full_time','active','2022-01-01'),
  ('00000000-0000-0000-0000-000000000001','AS-019','Virendra Vinod Barapatre','0000000119','20000000-0000-0000-0000-000000000002','20000000-0000-0000-0000-000000000002','40000000-0000-0000-0000-000000000007','full_time','active','2022-01-01'),
  ('00000000-0000-0000-0000-000000000001','AS-020','Shubham Thate','0000000120','20000000-0000-0000-0000-000000000002','20000000-0000-0000-0000-000000000002','40000000-0000-0000-0000-000000000006','full_time','active','2022-01-01'),
  ('00000000-0000-0000-0000-000000000001','AS-021','Vinobhai Kishorbhai Chaurya','0000000121','20000000-0000-0000-0000-000000000002','20000000-0000-0000-0000-000000000002','40000000-0000-0000-0000-000000000006','full_time','active','2022-01-01'),
  ('00000000-0000-0000-0000-000000000001','AS-022','Shah Prachi Surendrakumar','0000000122','20000000-0000-0000-0000-000000000002','20000000-0000-0000-0000-000000000002','40000000-0000-0000-0000-000000000006','full_time','active','2022-01-01'),
  ('00000000-0000-0000-0000-000000000001','AS-023','Isa Bopariya','0000000123','20000000-0000-0000-0000-000000000002','20000000-0000-0000-0000-000000000002','40000000-0000-0000-0000-000000000006','full_time','active','2022-01-01'),
  ('00000000-0000-0000-0000-000000000001','AS-024','Raj Mukkar','0000000124','20000000-0000-0000-0000-000000000002','20000000-0000-0000-0000-000000000002','40000000-0000-0000-0000-000000000009','full_time','active','2022-01-01'),
  ('00000000-0000-0000-0000-000000000001','AS-025','Swapneswar Swan','0000000125','20000000-0000-0000-0000-000000000002','20000000-0000-0000-0000-000000000002','40000000-0000-0000-0000-000000000009','full_time','active','2022-01-01'),
  ('00000000-0000-0000-0000-000000000001','AS-026','Sunil Hembrom','0000000126','20000000-0000-0000-0000-000000000002','20000000-0000-0000-0000-000000000002','40000000-0000-0000-0000-000000000009','full_time','on_leave','2022-01-01'),
  ('00000000-0000-0000-0000-000000000001','AS-027','Vakil Ray','0000000127','20000000-0000-0000-0000-000000000002','20000000-0000-0000-0000-000000000002','40000000-0000-0000-0000-000000000009','full_time','active','2022-01-01'),
  ('00000000-0000-0000-0000-000000000001','AS-028','Guddu Puran Ray','0000000128','20000000-0000-0000-0000-000000000002','20000000-0000-0000-0000-000000000002','40000000-0000-0000-0000-000000000009','full_time','active','2022-01-01'),
  ('00000000-0000-0000-0000-000000000001','AS-029','Sujit Mahara','0000000129','20000000-0000-0000-0000-000000000002','20000000-0000-0000-0000-000000000002','40000000-0000-0000-0000-000000000009','full_time','active','2022-01-01'),
  ('00000000-0000-0000-0000-000000000001','AS-030','Sonu Kumar Ray','0000000130','20000000-0000-0000-0000-000000000002','20000000-0000-0000-0000-000000000002','40000000-0000-0000-0000-000000000009','full_time','active','2022-01-01'),
  ('00000000-0000-0000-0000-000000000001','AS-031','Amra Parabha Ram','0000000131','20000000-0000-0000-0000-000000000002','20000000-0000-0000-0000-000000000002','40000000-0000-0000-0000-000000000009','full_time','active','2022-01-01'),
  ('00000000-0000-0000-0000-000000000001','AS-032','Dhira Ram','0000000132','20000000-0000-0000-0000-000000000002','20000000-0000-0000-0000-000000000002','40000000-0000-0000-0000-000000000009','full_time','active','2022-01-01'),
  ('00000000-0000-0000-0000-000000000001','AS-033','Badrram Mavara','0000000133','20000000-0000-0000-0000-000000000002','20000000-0000-0000-0000-000000000002','40000000-0000-0000-0000-000000000010','full_time','active','2022-01-01');

-- CAPICHE VESU
INSERT INTO staff (tenant_id, employee_id, name, phone, primary_outlet_id, current_outlet_id, position_id, employment_type, employment_status, join_date) VALUES
  ('00000000-0000-0000-0000-000000000001','CV-001','Anisha Vilas Khade','0000000201','20000000-0000-0000-0000-000000000003','20000000-0000-0000-0000-000000000003','40000000-0000-0000-0000-000000000014','full_time','active','2022-01-01'),
  ('00000000-0000-0000-0000-000000000001','CV-002','Yash Yashvant Khade','0000000202','20000000-0000-0000-0000-000000000003','20000000-0000-0000-0000-000000000003','40000000-0000-0000-0000-000000000001','full_time','active','2022-01-01'),
  ('00000000-0000-0000-0000-000000000001','CV-003','Bipin Valvi','0000000203','20000000-0000-0000-0000-000000000003','20000000-0000-0000-0000-000000000003','40000000-0000-0000-0000-000000000001','full_time','active','2022-01-01'),
  ('00000000-0000-0000-0000-000000000001','CV-004','Naveen Sharma','0000000204','20000000-0000-0000-0000-000000000003','20000000-0000-0000-0000-000000000003','40000000-0000-0000-0000-000000000001','full_time','active','2022-01-01'),
  ('00000000-0000-0000-0000-000000000001','CV-005','Pranav Patil','0000000205','20000000-0000-0000-0000-000000000003','20000000-0000-0000-0000-000000000003','40000000-0000-0000-0000-000000000001','full_time','active','2022-01-01'),
  ('00000000-0000-0000-0000-000000000001','CV-006','Maksad Raja Sheikh','0000000206','20000000-0000-0000-0000-000000000003','20000000-0000-0000-0000-000000000003','40000000-0000-0000-0000-000000000001','full_time','active','2022-01-01'),
  ('00000000-0000-0000-0000-000000000001','CV-007','Pradum Rajbhar','0000000207','20000000-0000-0000-0000-000000000003','20000000-0000-0000-0000-000000000003','40000000-0000-0000-0000-000000000001','full_time','active','2022-01-01'),
  ('00000000-0000-0000-0000-000000000001','CV-008','Sanjana Kevat','0000000208','20000000-0000-0000-0000-000000000003','20000000-0000-0000-0000-000000000003','40000000-0000-0000-0000-000000000001','full_time','active','2022-01-01'),
  ('00000000-0000-0000-0000-000000000001','CV-009','Noor E Elahi','0000000209','20000000-0000-0000-0000-000000000003','20000000-0000-0000-0000-000000000003','40000000-0000-0000-0000-000000000002','full_time','active','2022-01-01'),
  ('00000000-0000-0000-0000-000000000001','CV-010','Sheshmani Harjan','0000000210','20000000-0000-0000-0000-000000000003','20000000-0000-0000-0000-000000000003','40000000-0000-0000-0000-000000000002','full_time','active','2022-01-01'),
  ('00000000-0000-0000-0000-000000000001','CV-011','Shankar Gadar','0000000211','20000000-0000-0000-0000-000000000003','20000000-0000-0000-0000-000000000003','40000000-0000-0000-0000-000000000002','full_time','active','2022-01-01'),
  ('00000000-0000-0000-0000-000000000001','CV-012','Roushan Gamit','0000000212','20000000-0000-0000-0000-000000000003','20000000-0000-0000-0000-000000000003','40000000-0000-0000-0000-000000000005','full_time','active','2022-01-01'),
  ('00000000-0000-0000-0000-000000000001','CV-013','Deepak Kori','0000000213','20000000-0000-0000-0000-000000000003','20000000-0000-0000-0000-000000000003','40000000-0000-0000-0000-000000000005','full_time','active','2022-01-01'),
  ('00000000-0000-0000-0000-000000000001','CV-014','Mahima Pandey','0000000214','20000000-0000-0000-0000-000000000003','20000000-0000-0000-0000-000000000003','40000000-0000-0000-0000-000000000005','full_time','active','2022-01-01'),
  ('00000000-0000-0000-0000-000000000001','CV-015','Umang Rajendrabhai Naidu','0000000215','20000000-0000-0000-0000-000000000003','20000000-0000-0000-0000-000000000003','40000000-0000-0000-0000-000000000007','full_time','active','2022-01-01'),
  ('00000000-0000-0000-0000-000000000001','CV-016','Dilip Rawal','0000000216','20000000-0000-0000-0000-000000000003','20000000-0000-0000-0000-000000000003','40000000-0000-0000-0000-000000000006','full_time','active','2022-01-01'),
  ('00000000-0000-0000-0000-000000000001','CV-017','Gopal Patil','0000000217','20000000-0000-0000-0000-000000000003','20000000-0000-0000-0000-000000000003','40000000-0000-0000-0000-000000000006','full_time','active','2022-01-01'),
  ('00000000-0000-0000-0000-000000000001','CV-018','Gaurav Sharma','0000000218','20000000-0000-0000-0000-000000000003','20000000-0000-0000-0000-000000000003','40000000-0000-0000-0000-000000000006','full_time','active','2022-01-01'),
  ('00000000-0000-0000-0000-000000000001','CV-019','Prince Turi','0000000219','20000000-0000-0000-0000-000000000003','20000000-0000-0000-0000-000000000003','40000000-0000-0000-0000-000000000006','full_time','active','2022-01-01'),
  ('00000000-0000-0000-0000-000000000001','CV-020','Alok Rajkumar Jaiswal','0000000220','20000000-0000-0000-0000-000000000003','20000000-0000-0000-0000-000000000003','40000000-0000-0000-0000-000000000006','full_time','active','2022-01-01'),
  ('00000000-0000-0000-0000-000000000001','CV-021','Sanjit Kumar','0000000221','20000000-0000-0000-0000-000000000003','20000000-0000-0000-0000-000000000003','40000000-0000-0000-0000-000000000009','full_time','active','2022-01-01'),
  ('00000000-0000-0000-0000-000000000001','CV-022','Sonu Kumar','0000000222','20000000-0000-0000-0000-000000000003','20000000-0000-0000-0000-000000000003','40000000-0000-0000-0000-000000000009','full_time','active','2022-01-01'),
  ('00000000-0000-0000-0000-000000000001','CV-023','Sagar Dhangar','0000000223','20000000-0000-0000-0000-000000000003','20000000-0000-0000-0000-000000000003','40000000-0000-0000-0000-000000000009','full_time','active','2022-01-01'),
  ('00000000-0000-0000-0000-000000000001','CV-024','Dipak Manore','0000000224','20000000-0000-0000-0000-000000000003','20000000-0000-0000-0000-000000000003','40000000-0000-0000-0000-000000000009','full_time','active','2022-01-01'),
  ('00000000-0000-0000-0000-000000000001','CV-025','Akash Sunil Chaven','0000000225','20000000-0000-0000-0000-000000000003','20000000-0000-0000-0000-000000000003','40000000-0000-0000-0000-000000000009','full_time','active','2022-01-01');

-- BAKERY SURAT
INSERT INTO staff (tenant_id, employee_id, name, phone, primary_outlet_id, current_outlet_id, position_id, employment_type, employment_status, join_date) VALUES
  ('00000000-0000-0000-0000-000000000001','BS-001','Pal Shah','0000000301','20000000-0000-0000-0000-000000000004','20000000-0000-0000-0000-000000000004','40000000-0000-0000-0000-000000000011','full_time','active','2022-01-01'),
  ('00000000-0000-0000-0000-000000000001','BS-002','Nidhi Pundir','0000000302','20000000-0000-0000-0000-000000000004','20000000-0000-0000-0000-000000000004','40000000-0000-0000-0000-000000000011','full_time','active','2022-01-01'),
  ('00000000-0000-0000-0000-000000000001','BS-003','Kiran Bedi','0000000303','20000000-0000-0000-0000-000000000004','20000000-0000-0000-0000-000000000004','40000000-0000-0000-0000-000000000011','full_time','active','2022-01-01'),
  ('00000000-0000-0000-0000-000000000001','BS-004','Kanika Sarkar','0000000304','20000000-0000-0000-0000-000000000004','20000000-0000-0000-0000-000000000004','40000000-0000-0000-0000-000000000011','full_time','active','2022-01-01'),
  ('00000000-0000-0000-0000-000000000001','BS-005','Mampi Sarkar','0000000305','20000000-0000-0000-0000-000000000004','20000000-0000-0000-0000-000000000004','40000000-0000-0000-0000-000000000011','full_time','active','2022-01-01'),
  ('00000000-0000-0000-0000-000000000001','BS-006','Anita Singh','0000000306','20000000-0000-0000-0000-000000000004','20000000-0000-0000-0000-000000000004','40000000-0000-0000-0000-000000000011','full_time','active','2022-01-01'),
  ('00000000-0000-0000-0000-000000000001','BS-007','Vidhi Jain','0000000307','20000000-0000-0000-0000-000000000004','20000000-0000-0000-0000-000000000004','40000000-0000-0000-0000-000000000011','full_time','active','2022-01-01'),
  ('00000000-0000-0000-0000-000000000001','BS-008','Mamta Gavit','0000000308','20000000-0000-0000-0000-000000000004','20000000-0000-0000-0000-000000000004','40000000-0000-0000-0000-000000000011','full_time','active','2022-01-01');

-- BAKERY AHM
INSERT INTO staff (tenant_id, employee_id, name, phone, primary_outlet_id, current_outlet_id, position_id, employment_type, employment_status, join_date) VALUES
  ('00000000-0000-0000-0000-000000000001','BA-001','Aksha Amdani','0000000401','20000000-0000-0000-0000-000000000005','20000000-0000-0000-0000-000000000005','40000000-0000-0000-0000-000000000011','full_time','active','2022-01-01'),
  ('00000000-0000-0000-0000-000000000001','BA-002','Nitin Pundir','0000000402','20000000-0000-0000-0000-000000000005','20000000-0000-0000-0000-000000000005','40000000-0000-0000-0000-000000000011','full_time','active','2022-01-01'),
  ('00000000-0000-0000-0000-000000000001','BA-003','Sandeep Kumar','0000000403','20000000-0000-0000-0000-000000000005','20000000-0000-0000-0000-000000000005','40000000-0000-0000-0000-000000000011','full_time','active','2022-01-01'),
  ('00000000-0000-0000-0000-000000000001','BA-004','Kapil Gameti','0000000404','20000000-0000-0000-0000-000000000005','20000000-0000-0000-0000-000000000005','40000000-0000-0000-0000-000000000011','full_time','active','2022-01-01'),
  ('00000000-0000-0000-0000-000000000001','BA-005','Dhruvil Gondhiya','0000000405','20000000-0000-0000-0000-000000000005','20000000-0000-0000-0000-000000000005','40000000-0000-0000-0000-000000000011','full_time','active','2022-01-01'),
  ('00000000-0000-0000-0000-000000000001','BA-006','Vinit Ram','0000000406','20000000-0000-0000-0000-000000000005','20000000-0000-0000-0000-000000000005','40000000-0000-0000-0000-000000000011','full_time','active','2022-01-01'),
  ('00000000-0000-0000-0000-000000000001','BA-007','Vishal Bisht','0000000407','20000000-0000-0000-0000-000000000005','20000000-0000-0000-0000-000000000005','40000000-0000-0000-0000-000000000011','full_time','active','2022-01-01');

-- CAPICHE AMBLI
INSERT INTO staff (tenant_id, employee_id, name, phone, primary_outlet_id, current_outlet_id, position_id, employment_type, employment_status, join_date) VALUES
  ('00000000-0000-0000-0000-000000000001','CA-001','Pankaj Patidar','0000000501','20000000-0000-0000-0000-000000000006','20000000-0000-0000-0000-000000000006','40000000-0000-0000-0000-000000000014','full_time','active','2022-01-01'),
  ('00000000-0000-0000-0000-000000000001','CA-002','Rakeesh William','0000000502','20000000-0000-0000-0000-000000000006','20000000-0000-0000-0000-000000000006','40000000-0000-0000-0000-000000000001','full_time','active','2022-01-01'),
  ('00000000-0000-0000-0000-000000000001','CA-003','Sanjay Patil','0000000503','20000000-0000-0000-0000-000000000006','20000000-0000-0000-0000-000000000006','40000000-0000-0000-0000-000000000001','full_time','active','2022-01-01'),
  ('00000000-0000-0000-0000-000000000001','CA-004','Yug Gayakwad','0000000504','20000000-0000-0000-0000-000000000006','20000000-0000-0000-0000-000000000006','40000000-0000-0000-0000-000000000001','full_time','active','2022-01-01'),
  ('00000000-0000-0000-0000-000000000001','CA-005','Sharifanawaz Sheikh','0000000505','20000000-0000-0000-0000-000000000006','20000000-0000-0000-0000-000000000006','40000000-0000-0000-0000-000000000001','full_time','active','2022-01-01'),
  ('00000000-0000-0000-0000-000000000001','CA-006','Mahir Gamit','0000000506','20000000-0000-0000-0000-000000000006','20000000-0000-0000-0000-000000000006','40000000-0000-0000-0000-000000000001','full_time','active','2022-01-01'),
  ('00000000-0000-0000-0000-000000000001','CA-007','Govind Das','0000000507','20000000-0000-0000-0000-000000000006','20000000-0000-0000-0000-000000000006','40000000-0000-0000-0000-000000000001','full_time','active','2022-01-01'),
  ('00000000-0000-0000-0000-000000000001','CA-008','Alok Chamar','0000000508','20000000-0000-0000-0000-000000000006','20000000-0000-0000-0000-000000000006','40000000-0000-0000-0000-000000000001','full_time','active','2022-01-01'),
  ('00000000-0000-0000-0000-000000000001','CA-009','Vansh Vadukar','0000000509','20000000-0000-0000-0000-000000000006','20000000-0000-0000-0000-000000000006','40000000-0000-0000-0000-000000000002','full_time','active','2022-01-01'),
  ('00000000-0000-0000-0000-000000000001','CA-010','Abhay Singh Rathoo','0000000510','20000000-0000-0000-0000-000000000006','20000000-0000-0000-0000-000000000006','40000000-0000-0000-0000-000000000002','full_time','active','2022-01-01'),
  ('00000000-0000-0000-0000-000000000001','CA-011','Suraj Gurung','0000000511','20000000-0000-0000-0000-000000000006','20000000-0000-0000-0000-000000000006','40000000-0000-0000-0000-000000000002','full_time','active','2022-01-01'),
  ('00000000-0000-0000-0000-000000000001','CA-012','Nikhil Bhatt','0000000512','20000000-0000-0000-0000-000000000006','20000000-0000-0000-0000-000000000006','40000000-0000-0000-0000-000000000002','full_time','active','2022-01-01'),
  ('00000000-0000-0000-0000-000000000001','CA-013','Zala Artiben','0000000513','20000000-0000-0000-0000-000000000006','20000000-0000-0000-0000-000000000006','40000000-0000-0000-0000-000000000002','full_time','active','2022-01-01'),
  ('00000000-0000-0000-0000-000000000001','CA-014','Bhawani Singh','0000000514','20000000-0000-0000-0000-000000000006','20000000-0000-0000-0000-000000000006','40000000-0000-0000-0000-000000000005','full_time','active','2022-01-01'),
  ('00000000-0000-0000-0000-000000000001','CA-015','Ramprit Mahara','0000000515','20000000-0000-0000-0000-000000000006','20000000-0000-0000-0000-000000000006','40000000-0000-0000-0000-000000000005','full_time','active','2022-01-01'),
  ('00000000-0000-0000-0000-000000000001','CA-016','Niteshkumar Malhvad','0000000516','20000000-0000-0000-0000-000000000006','20000000-0000-0000-0000-000000000006','40000000-0000-0000-0000-000000000005','full_time','active','2022-01-01'),
  ('00000000-0000-0000-0000-000000000001','CA-017','Neetu Amaraji Balai','0000000517','20000000-0000-0000-0000-000000000006','20000000-0000-0000-0000-000000000006','40000000-0000-0000-0000-000000000005','full_time','active','2022-01-01'),
  ('00000000-0000-0000-0000-000000000001','CA-018','Ankit Verma','0000000518','20000000-0000-0000-0000-000000000006','20000000-0000-0000-0000-000000000006','40000000-0000-0000-0000-000000000005','full_time','active','2022-01-01'),
  ('00000000-0000-0000-0000-000000000001','CA-019','Mahaveer Singh','0000000519','20000000-0000-0000-0000-000000000006','20000000-0000-0000-0000-000000000006','40000000-0000-0000-0000-000000000006','full_time','active','2022-01-01'),
  ('00000000-0000-0000-0000-000000000001','CA-020','Kenny Borsada','0000000520','20000000-0000-0000-0000-000000000006','20000000-0000-0000-0000-000000000006','40000000-0000-0000-0000-000000000007','full_time','active','2022-01-01'),
  ('00000000-0000-0000-0000-000000000001','CA-021','Fazan Shaikh','0000000521','20000000-0000-0000-0000-000000000006','20000000-0000-0000-0000-000000000006','40000000-0000-0000-0000-000000000006','full_time','active','2022-01-01'),
  ('00000000-0000-0000-0000-000000000001','CA-022','Keyur Parmar','0000000522','20000000-0000-0000-0000-000000000006','20000000-0000-0000-0000-000000000006','40000000-0000-0000-0000-000000000006','full_time','active','2022-01-01'),
  ('00000000-0000-0000-0000-000000000001','CA-023','Ansan Ali','0000000523','20000000-0000-0000-0000-000000000006','20000000-0000-0000-0000-000000000006','40000000-0000-0000-0000-000000000006','full_time','active','2022-01-01'),
  ('00000000-0000-0000-0000-000000000001','CA-024','Farhan Sheikh Salim','0000000524','20000000-0000-0000-0000-000000000006','20000000-0000-0000-0000-000000000006','40000000-0000-0000-0000-000000000006','full_time','active','2022-01-01'),
  ('00000000-0000-0000-0000-000000000001','CA-025','Farhan Akil Ahmad','0000000525','20000000-0000-0000-0000-000000000006','20000000-0000-0000-0000-000000000006','40000000-0000-0000-0000-000000000006','full_time','active','2022-01-01'),
  ('00000000-0000-0000-0000-000000000001','CA-026','Amar Mansuri','0000000526','20000000-0000-0000-0000-000000000006','20000000-0000-0000-0000-000000000006','40000000-0000-0000-0000-000000000006','full_time','active','2022-01-01'),
  ('00000000-0000-0000-0000-000000000001','CA-027','Roli Singh','0000000527','20000000-0000-0000-0000-000000000006','20000000-0000-0000-0000-000000000006','40000000-0000-0000-0000-000000000008','full_time','active','2022-01-01'),
  ('00000000-0000-0000-0000-000000000001','CA-028','Chupan Mangru Murmu','0000000528','20000000-0000-0000-0000-000000000006','20000000-0000-0000-0000-000000000006','40000000-0000-0000-0000-000000000009','full_time','active','2022-01-01'),
  ('00000000-0000-0000-0000-000000000001','CA-029','Shaikh Mohammed Khalid','0000000529','20000000-0000-0000-0000-000000000006','20000000-0000-0000-0000-000000000006','40000000-0000-0000-0000-000000000009','full_time','active','2022-01-01'),
  ('00000000-0000-0000-0000-000000000001','CA-030','Shanshiyam Kumar Thakur','0000000530','20000000-0000-0000-0000-000000000006','20000000-0000-0000-0000-000000000006','40000000-0000-0000-0000-000000000009','full_time','active','2022-01-01'),
  ('00000000-0000-0000-0000-000000000001','CA-031','Hanif Ansari','0000000531','20000000-0000-0000-0000-000000000006','20000000-0000-0000-0000-000000000006','40000000-0000-0000-0000-000000000009','full_time','active','2022-01-01'),
  ('00000000-0000-0000-0000-000000000001','CA-032','Suraj Dhanraj Singh','0000000532','20000000-0000-0000-0000-000000000006','20000000-0000-0000-0000-000000000006','40000000-0000-0000-0000-000000000009','full_time','active','2022-01-01'),
  ('00000000-0000-0000-0000-000000000001','CA-033','Manoj Murmu','0000000533','20000000-0000-0000-0000-000000000006','20000000-0000-0000-0000-000000000006','40000000-0000-0000-0000-000000000009','full_time','active','2022-01-01'),
  ('00000000-0000-0000-0000-000000000001','CA-034','Binay Soren','0000000534','20000000-0000-0000-0000-000000000006','20000000-0000-0000-0000-000000000006','40000000-0000-0000-0000-000000000009','full_time','active','2022-01-01'),
  ('00000000-0000-0000-0000-000000000001','CA-035','Susen Tudu','0000000535','20000000-0000-0000-0000-000000000006','20000000-0000-0000-0000-000000000006','40000000-0000-0000-0000-000000000009','full_time','active','2022-01-01');

-- CAPICHE UNI
INSERT INTO staff (tenant_id, employee_id, name, phone, primary_outlet_id, current_outlet_id, position_id, employment_type, employment_status, join_date) VALUES
  ('00000000-0000-0000-0000-000000000001','CU-001','Kashay Vachhuare','0000000601','20000000-0000-0000-0000-000000000007','20000000-0000-0000-0000-000000000007','40000000-0000-0000-0000-000000000014','full_time','active','2022-01-01'),
  ('00000000-0000-0000-0000-000000000001','CU-002','Joy Sevak','0000000602','20000000-0000-0000-0000-000000000007','20000000-0000-0000-0000-000000000007','40000000-0000-0000-0000-000000000001','full_time','active','2022-01-01'),
  ('00000000-0000-0000-0000-000000000001','CU-003','Chirag Khaniya','0000000603','20000000-0000-0000-0000-000000000007','20000000-0000-0000-0000-000000000007','40000000-0000-0000-0000-000000000001','full_time','active','2022-01-01'),
  ('00000000-0000-0000-0000-000000000001','CU-004','Sacra Sujal Rameshbhai','0000000604','20000000-0000-0000-0000-000000000007','20000000-0000-0000-0000-000000000007','40000000-0000-0000-0000-000000000001','full_time','active','2022-01-01'),
  ('00000000-0000-0000-0000-000000000001','CU-005','Harsh Hayee','0000000605','20000000-0000-0000-0000-000000000007','20000000-0000-0000-0000-000000000007','40000000-0000-0000-0000-000000000001','full_time','active','2022-01-01'),
  ('00000000-0000-0000-0000-000000000001','CU-006','Mo Alfaz Gulahammed','0000000606','20000000-0000-0000-0000-000000000007','20000000-0000-0000-0000-000000000007','40000000-0000-0000-0000-000000000001','full_time','active','2022-01-01'),
  ('00000000-0000-0000-0000-000000000001','CU-007','Mihir Solanki','0000000607','20000000-0000-0000-0000-000000000007','20000000-0000-0000-0000-000000000007','40000000-0000-0000-0000-000000000001','full_time','active','2022-01-01'),
  ('00000000-0000-0000-0000-000000000001','CU-008','Irsad Alam','0000000608','20000000-0000-0000-0000-000000000007','20000000-0000-0000-0000-000000000007','40000000-0000-0000-0000-000000000002','full_time','active','2022-01-01'),
  ('00000000-0000-0000-0000-000000000001','CU-009','Rachit Shah','0000000609','20000000-0000-0000-0000-000000000007','20000000-0000-0000-0000-000000000007','40000000-0000-0000-0000-000000000002','full_time','active','2022-01-01'),
  ('00000000-0000-0000-0000-000000000001','CU-010','Shrawan Kumar Mahara','0000000610','20000000-0000-0000-0000-000000000007','20000000-0000-0000-0000-000000000007','40000000-0000-0000-0000-000000000002','full_time','active','2022-01-01'),
  ('00000000-0000-0000-0000-000000000001','CU-011','Rishabh Yaqub','0000000611','20000000-0000-0000-0000-000000000007','20000000-0000-0000-0000-000000000007','40000000-0000-0000-0000-000000000005','full_time','active','2022-01-01'),
  ('00000000-0000-0000-0000-000000000001','CU-012','Vishesh Trivedi','0000000612','20000000-0000-0000-0000-000000000007','20000000-0000-0000-0000-000000000007','40000000-0000-0000-0000-000000000005','full_time','active','2022-01-01'),
  ('00000000-0000-0000-0000-000000000001','CU-013','Rangi Sahil Kalidas','0000000613','20000000-0000-0000-0000-000000000007','20000000-0000-0000-0000-000000000007','40000000-0000-0000-0000-000000000005','full_time','active','2022-01-01'),
  ('00000000-0000-0000-0000-000000000001','CU-014','Anjanaben Ramanbhai','0000000614','20000000-0000-0000-0000-000000000007','20000000-0000-0000-0000-000000000007','40000000-0000-0000-0000-000000000005','full_time','active','2022-01-01'),
  ('00000000-0000-0000-0000-000000000001','CU-015','Sahil Khatik','0000000615','20000000-0000-0000-0000-000000000007','20000000-0000-0000-0000-000000000007','40000000-0000-0000-0000-000000000006','full_time','active','2022-01-01'),
  ('00000000-0000-0000-0000-000000000001','CU-016','Sandeep Shekhauat','0000000616','20000000-0000-0000-0000-000000000007','20000000-0000-0000-0000-000000000007','40000000-0000-0000-0000-000000000006','full_time','active','2022-01-01'),
  ('00000000-0000-0000-0000-000000000001','CU-017','Panchal Aditya Vipulbhai','0000000617','20000000-0000-0000-0000-000000000007','20000000-0000-0000-0000-000000000007','40000000-0000-0000-0000-000000000006','full_time','active','2022-01-01'),
  ('00000000-0000-0000-0000-000000000001','CU-018','Greej Chaya Modanwal','0000000618','20000000-0000-0000-0000-000000000007','20000000-0000-0000-0000-000000000007','40000000-0000-0000-0000-000000000006','full_time','active','2022-01-01'),
  ('00000000-0000-0000-0000-000000000001','CU-019','Shaikh Mohammadavasil','0000000619','20000000-0000-0000-0000-000000000007','20000000-0000-0000-0000-000000000007','40000000-0000-0000-0000-000000000006','full_time','active','2022-01-01'),
  ('00000000-0000-0000-0000-000000000001','CU-020','Siddhi Kathad','0000000620','20000000-0000-0000-0000-000000000007','20000000-0000-0000-0000-000000000007','40000000-0000-0000-0000-000000000006','full_time','active','2022-01-01'),
  ('00000000-0000-0000-0000-000000000001','CU-021','Hurny Shrivastava','0000000621','20000000-0000-0000-0000-000000000007','20000000-0000-0000-0000-000000000007','40000000-0000-0000-0000-000000000006','full_time','active','2022-01-01'),
  ('00000000-0000-0000-0000-000000000001','CU-022','Aadya Sharma','0000000622','20000000-0000-0000-0000-000000000007','20000000-0000-0000-0000-000000000007','40000000-0000-0000-0000-000000000006','full_time','active','2022-01-01'),
  ('00000000-0000-0000-0000-000000000001','CU-023','Satvi Savaliya','0000000623','20000000-0000-0000-0000-000000000007','20000000-0000-0000-0000-000000000007','40000000-0000-0000-0000-000000000008','full_time','active','2022-01-01'),
  ('00000000-0000-0000-0000-000000000001','CU-024','Sanjay Baranda','0000000624','20000000-0000-0000-0000-000000000007','20000000-0000-0000-0000-000000000007','40000000-0000-0000-0000-000000000009','full_time','active','2022-01-01'),
  ('00000000-0000-0000-0000-000000000001','CU-025','Ramesh Ganeshbhai Solanke','0000000625','20000000-0000-0000-0000-000000000007','20000000-0000-0000-0000-000000000007','40000000-0000-0000-0000-000000000009','full_time','on_leave','2022-01-01'),
  ('00000000-0000-0000-0000-000000000001','CU-026','Pareshbhai Solanki','0000000626','20000000-0000-0000-0000-000000000007','20000000-0000-0000-0000-000000000007','40000000-0000-0000-0000-000000000009','full_time','active','2022-01-01'),
  ('00000000-0000-0000-0000-000000000001','CU-027','Harshit Kharadi','0000000627','20000000-0000-0000-0000-000000000007','20000000-0000-0000-0000-000000000007','40000000-0000-0000-0000-000000000009','full_time','active','2022-01-01'),
  ('00000000-0000-0000-0000-000000000001','CU-028','Akash Prajapati','0000000628','20000000-0000-0000-0000-000000000007','20000000-0000-0000-0000-000000000007','40000000-0000-0000-0000-000000000009','full_time','active','2022-01-01'),
  ('00000000-0000-0000-0000-000000000001','CU-029','Shubham Garg','0000000629','20000000-0000-0000-0000-000000000007','20000000-0000-0000-0000-000000000007','40000000-0000-0000-0000-000000000009','full_time','active','2022-01-01'),
  ('00000000-0000-0000-0000-000000000001','CU-030','Shivkumar Paswan','0000000630','20000000-0000-0000-0000-000000000007','20000000-0000-0000-0000-000000000007','40000000-0000-0000-0000-000000000009','full_time','active','2022-01-01'),
  ('00000000-0000-0000-0000-000000000001','CU-031','Sunil Murmu','0000000631','20000000-0000-0000-0000-000000000007','20000000-0000-0000-0000-000000000007','40000000-0000-0000-0000-000000000009','full_time','active','2022-01-01');

-- AIKO AHMEDABAD
INSERT INTO staff (tenant_id, employee_id, name, phone, primary_outlet_id, current_outlet_id, position_id, employment_type, employment_status, join_date) VALUES
  ('00000000-0000-0000-0000-000000000001','AA-001','Mufaddal Shakhimahimood','0000000701','20000000-0000-0000-0000-000000000008','20000000-0000-0000-0000-000000000008','40000000-0000-0000-0000-000000000014','full_time','active','2022-01-01'),
  ('00000000-0000-0000-0000-000000000001','AA-002','Bharat Ram','0000000702','20000000-0000-0000-0000-000000000008','20000000-0000-0000-0000-000000000008','40000000-0000-0000-0000-000000000001','full_time','active','2022-01-01'),
  ('00000000-0000-0000-0000-000000000001','AA-003','Prem Kotecha','0000000703','20000000-0000-0000-0000-000000000008','20000000-0000-0000-0000-000000000008','40000000-0000-0000-0000-000000000001','full_time','active','2022-01-01'),
  ('00000000-0000-0000-0000-000000000001','AA-004','Sagar Nath','0000000704','20000000-0000-0000-0000-000000000008','20000000-0000-0000-0000-000000000008','40000000-0000-0000-0000-000000000001','full_time','active','2022-01-01'),
  ('00000000-0000-0000-0000-000000000001','AA-005','Krish Panchal','0000000705','20000000-0000-0000-0000-000000000008','20000000-0000-0000-0000-000000000008','40000000-0000-0000-0000-000000000001','full_time','active','2022-01-01'),
  ('00000000-0000-0000-0000-000000000001','AA-006','Chotu Turi Karu','0000000706','20000000-0000-0000-0000-000000000008','20000000-0000-0000-0000-000000000008','40000000-0000-0000-0000-000000000001','full_time','active','2022-01-01'),
  ('00000000-0000-0000-0000-000000000001','AA-007','Josgan Sohan','0000000707','20000000-0000-0000-0000-000000000008','20000000-0000-0000-0000-000000000008','40000000-0000-0000-0000-000000000001','full_time','active','2022-01-01'),
  ('00000000-0000-0000-0000-000000000001','AA-008','Dilip Turi Karu','0000000708','20000000-0000-0000-0000-000000000008','20000000-0000-0000-0000-000000000008','40000000-0000-0000-0000-000000000003','full_time','active','2022-01-01'),
  ('00000000-0000-0000-0000-000000000001','AA-009','Bikash Kumar Sah','0000000709','20000000-0000-0000-0000-000000000008','20000000-0000-0000-0000-000000000008','40000000-0000-0000-0000-000000000003','full_time','active','2022-01-01'),
  ('00000000-0000-0000-0000-000000000001','AA-010','Mohammad Sabir Mansuri','0000000710','20000000-0000-0000-0000-000000000008','20000000-0000-0000-0000-000000000008','40000000-0000-0000-0000-000000000003','full_time','active','2022-01-01'),
  ('00000000-0000-0000-0000-000000000001','AA-011','Balgobind Sah','0000000711','20000000-0000-0000-0000-000000000008','20000000-0000-0000-0000-000000000008','40000000-0000-0000-0000-000000000003','full_time','active','2022-01-01'),
  ('00000000-0000-0000-0000-000000000001','AA-012','Aviskar Bharadhari','0000000712','20000000-0000-0000-0000-000000000008','20000000-0000-0000-0000-000000000008','40000000-0000-0000-0000-000000000004','full_time','active','2022-01-01'),
  ('00000000-0000-0000-0000-000000000001','AA-013','Ganesh Ram Mahara','0000000713','20000000-0000-0000-0000-000000000008','20000000-0000-0000-0000-000000000008','40000000-0000-0000-0000-000000000004','full_time','active','2022-01-01'),
  ('00000000-0000-0000-0000-000000000001','AA-014','Ganesh Rajkishor Mahara','0000000714','20000000-0000-0000-0000-000000000008','20000000-0000-0000-0000-000000000008','40000000-0000-0000-0000-000000000004','full_time','active','2022-01-01'),
  ('00000000-0000-0000-0000-000000000001','AA-015','Amrit Sah','0000000715','20000000-0000-0000-0000-000000000008','20000000-0000-0000-0000-000000000008','40000000-0000-0000-0000-000000000004','full_time','active','2022-01-01'),
  ('00000000-0000-0000-0000-000000000001','AA-016','Rohan Singh Bisht','0000000716','20000000-0000-0000-0000-000000000008','20000000-0000-0000-0000-000000000008','40000000-0000-0000-0000-000000000005','full_time','active','2022-01-01'),
  ('00000000-0000-0000-0000-000000000001','AA-017','Krutarth Vyas','0000000717','20000000-0000-0000-0000-000000000008','20000000-0000-0000-0000-000000000008','40000000-0000-0000-0000-000000000005','full_time','active','2022-01-01'),
  ('00000000-0000-0000-0000-000000000001','AA-018','Dvyanshu Modanwal','0000000718','20000000-0000-0000-0000-000000000008','20000000-0000-0000-0000-000000000008','40000000-0000-0000-0000-000000000005','full_time','active','2022-01-01'),
  ('00000000-0000-0000-0000-000000000001','AA-019','Bijay Mahara','0000000719','20000000-0000-0000-0000-000000000008','20000000-0000-0000-0000-000000000008','40000000-0000-0000-0000-000000000005','full_time','active','2022-01-01'),
  ('00000000-0000-0000-0000-000000000001','AA-020','Manish Yadav','0000000720','20000000-0000-0000-0000-000000000008','20000000-0000-0000-0000-000000000008','40000000-0000-0000-0000-000000000005','full_time','active','2022-01-01'),
  ('00000000-0000-0000-0000-000000000001','AA-021','Jitendra Ishvar Singh Chouhan','0000000721','20000000-0000-0000-0000-000000000008','20000000-0000-0000-0000-000000000008','40000000-0000-0000-0000-000000000006','full_time','active','2022-01-01'),
  ('00000000-0000-0000-0000-000000000001','AA-022','Vrushaben Maru','0000000722','20000000-0000-0000-0000-000000000008','20000000-0000-0000-0000-000000000008','40000000-0000-0000-0000-000000000007','full_time','active','2022-01-01'),
  ('00000000-0000-0000-0000-000000000001','AA-023','Shaikh Atik','0000000723','20000000-0000-0000-0000-000000000008','20000000-0000-0000-0000-000000000008','40000000-0000-0000-0000-000000000006','full_time','active','2022-01-01'),
  ('00000000-0000-0000-0000-000000000001','AA-024','Shaikh Aman Biranbhai','0000000724','20000000-0000-0000-0000-000000000008','20000000-0000-0000-0000-000000000008','40000000-0000-0000-0000-000000000006','full_time','active','2022-01-01'),
  ('00000000-0000-0000-0000-000000000001','AA-025','Shaikh Mahammadlukman Mayudon','0000000725','20000000-0000-0000-0000-000000000008','20000000-0000-0000-0000-000000000008','40000000-0000-0000-0000-000000000006','full_time','active','2022-01-01'),
  ('00000000-0000-0000-0000-000000000001','AA-026','Devanshi Patel','0000000726','20000000-0000-0000-0000-000000000008','20000000-0000-0000-0000-000000000008','40000000-0000-0000-0000-000000000008','full_time','active','2022-01-01'),
  ('00000000-0000-0000-0000-000000000001','AA-027','Arun Yadav','0000000727','20000000-0000-0000-0000-000000000008','20000000-0000-0000-0000-000000000008','40000000-0000-0000-0000-000000000009','full_time','active','2022-01-01'),
  ('00000000-0000-0000-0000-000000000001','AA-028','Jay Kumar Ram','0000000728','20000000-0000-0000-0000-000000000008','20000000-0000-0000-0000-000000000008','40000000-0000-0000-0000-000000000009','full_time','active','2022-01-01'),
  ('00000000-0000-0000-0000-000000000001','AA-029','Rupesh Yadav','0000000729','20000000-0000-0000-0000-000000000008','20000000-0000-0000-0000-000000000008','40000000-0000-0000-0000-000000000009','full_time','active','2022-01-01'),
  ('00000000-0000-0000-0000-000000000001','AA-030','Krishna Yadav','0000000730','20000000-0000-0000-0000-000000000008','20000000-0000-0000-0000-000000000008','40000000-0000-0000-0000-000000000009','full_time','active','2022-01-01'),
  ('00000000-0000-0000-0000-000000000001','AA-031','Rajan Mahara','0000000731','20000000-0000-0000-0000-000000000008','20000000-0000-0000-0000-000000000008','40000000-0000-0000-0000-000000000009','full_time','active','2022-01-01'),
  ('00000000-0000-0000-0000-000000000001','AA-032','Arvind Murmu','0000000732','20000000-0000-0000-0000-000000000008','20000000-0000-0000-0000-000000000008','40000000-0000-0000-0000-000000000009','full_time','active','2022-01-01');

-- CENTRAL PREP KITCHEN AHM
INSERT INTO staff (tenant_id, employee_id, name, phone, primary_outlet_id, current_outlet_id, position_id, employment_type, employment_status, join_date) VALUES
  ('00000000-0000-0000-0000-000000000001','PK-A01','Raju Parmar','0000000801','20000000-0000-0000-0000-000000000009','20000000-0000-0000-0000-000000000009','40000000-0000-0000-0000-000000000014','full_time','active','2022-01-01'),
  ('00000000-0000-0000-0000-000000000001','PK-A02','Junaid Shekh','0000000802','20000000-0000-0000-0000-000000000009','20000000-0000-0000-0000-000000000009','40000000-0000-0000-0000-000000000011','full_time','active','2022-01-01'),
  ('00000000-0000-0000-0000-000000000001','PK-A03','Shivam Kumar','0000000803','20000000-0000-0000-0000-000000000009','20000000-0000-0000-0000-000000000009','40000000-0000-0000-0000-000000000011','full_time','active','2022-01-01'),
  ('00000000-0000-0000-0000-000000000001','PK-A04','Urmila Baranda','0000000804','20000000-0000-0000-0000-000000000009','20000000-0000-0000-0000-000000000009','40000000-0000-0000-0000-000000000011','full_time','active','2022-01-01'),
  ('00000000-0000-0000-0000-000000000001','PK-A05','Sakeena Vihat','0000000805','20000000-0000-0000-0000-000000000009','20000000-0000-0000-0000-000000000009','40000000-0000-0000-0000-000000000011','full_time','active','2022-01-01'),
  ('00000000-0000-0000-0000-000000000001','PK-A06','Kesha Pukh Ram','0000000806','20000000-0000-0000-0000-000000000009','20000000-0000-0000-0000-000000000009','40000000-0000-0000-0000-000000000011','full_time','active','2022-01-01'),
  ('00000000-0000-0000-0000-000000000001','PK-A07','Rinkal Katara','0000000807','20000000-0000-0000-0000-000000000009','20000000-0000-0000-0000-000000000009','40000000-0000-0000-0000-000000000011','full_time','active','2022-01-01'),
  ('00000000-0000-0000-0000-000000000001','PK-A08','Santosh Budhin Hembrom','0000000808','20000000-0000-0000-0000-000000000009','20000000-0000-0000-0000-000000000009','40000000-0000-0000-0000-000000000011','full_time','active','2022-01-01'),
  ('00000000-0000-0000-0000-000000000001','PK-A09','Rehan Ansari','0000000809','20000000-0000-0000-0000-000000000009','20000000-0000-0000-0000-000000000009','40000000-0000-0000-0000-000000000011','full_time','active','2022-01-01'),
  ('00000000-0000-0000-0000-000000000001','PK-A10','Ranu Chandra Prakash','0000000810','20000000-0000-0000-0000-000000000009','20000000-0000-0000-0000-000000000009','40000000-0000-0000-0000-000000000011','full_time','active','2022-01-01'),
  ('00000000-0000-0000-0000-000000000001','PK-A11','Vandana Kumari Ravishankar','0000000811','20000000-0000-0000-0000-000000000009','20000000-0000-0000-0000-000000000009','40000000-0000-0000-0000-000000000011','full_time','active','2022-01-01'),
  ('00000000-0000-0000-0000-000000000001','PK-A12','Rana Sahil Jayeshbhai','0000000812','20000000-0000-0000-0000-000000000009','20000000-0000-0000-0000-000000000009','40000000-0000-0000-0000-000000000011','full_time','active','2022-01-01'),
  ('00000000-0000-0000-0000-000000000001','PK-A13','Vinita Madan Tiwari','0000000813','20000000-0000-0000-0000-000000000009','20000000-0000-0000-0000-000000000009','40000000-0000-0000-0000-000000000011','full_time','active','2022-01-01'),
  ('00000000-0000-0000-0000-000000000001','PK-A14','Choudhary Jayeshbhai','0000000814','20000000-0000-0000-0000-000000000009','20000000-0000-0000-0000-000000000009','40000000-0000-0000-0000-000000000011','full_time','active','2022-01-01'),
  ('00000000-0000-0000-0000-000000000001','PK-A15','Kiran Katheriya','0000000815','20000000-0000-0000-0000-000000000009','20000000-0000-0000-0000-000000000009','40000000-0000-0000-0000-000000000009','full_time','active','2022-01-01'),
  ('00000000-0000-0000-0000-000000000001','PK-A16','Anjali Verma','0000000816','20000000-0000-0000-0000-000000000009','20000000-0000-0000-0000-000000000009','40000000-0000-0000-0000-000000000009','full_time','active','2022-01-01'),
  ('00000000-0000-0000-0000-000000000001','PK-A17','Vasir Moha','0000000817','20000000-0000-0000-0000-000000000009','20000000-0000-0000-0000-000000000009','40000000-0000-0000-0000-000000000009','full_time','active','2022-01-01'),
  ('00000000-0000-0000-0000-000000000001','PK-A18','Sanjiv Kumar','0000000818','20000000-0000-0000-0000-000000000009','20000000-0000-0000-0000-000000000009','40000000-0000-0000-0000-000000000009','full_time','active','2022-01-01');

-- CENTRAL PREP KITCHEN SURAT
INSERT INTO staff (tenant_id, employee_id, name, phone, primary_outlet_id, current_outlet_id, position_id, employment_type, employment_status, join_date) VALUES
  ('00000000-0000-0000-0000-000000000001','PK-S01','Raju Das','0000000901','20000000-0000-0000-0000-000000000010','20000000-0000-0000-0000-000000000010','40000000-0000-0000-0000-000000000014','full_time','active','2022-01-01'),
  ('00000000-0000-0000-0000-000000000001','PK-S02','Pritam R Gupta','0000000902','20000000-0000-0000-0000-000000000010','20000000-0000-0000-0000-000000000010','40000000-0000-0000-0000-000000000011','full_time','active','2022-01-01'),
  ('00000000-0000-0000-0000-000000000001','PK-S03','Smita Pandey','0000000903','20000000-0000-0000-0000-000000000010','20000000-0000-0000-0000-000000000010','40000000-0000-0000-0000-000000000011','full_time','active','2022-01-01'),
  ('00000000-0000-0000-0000-000000000001','PK-S04','Kunal Rajeshbhai Rathod','0000000904','20000000-0000-0000-0000-000000000010','20000000-0000-0000-0000-000000000010','40000000-0000-0000-0000-000000000011','full_time','active','2022-01-01'),
  ('00000000-0000-0000-0000-000000000001','PK-S05','Sandeep Madan Ram','0000000905','20000000-0000-0000-0000-000000000010','20000000-0000-0000-0000-000000000010','40000000-0000-0000-0000-000000000011','full_time','active','2022-01-01'),
  ('00000000-0000-0000-0000-000000000001','PK-S06','Rajesh Vishwakarama','0000000906','20000000-0000-0000-0000-000000000010','20000000-0000-0000-0000-000000000010','40000000-0000-0000-0000-000000000011','full_time','active','2022-01-01'),
  ('00000000-0000-0000-0000-000000000001','PK-S07','Mehil Nayka','0000000907','20000000-0000-0000-0000-000000000010','20000000-0000-0000-0000-000000000010','40000000-0000-0000-0000-000000000011','full_time','active','2022-01-01'),
  ('00000000-0000-0000-0000-000000000001','PK-S08','Mahnu Manjay Ray','0000000908','20000000-0000-0000-0000-000000000010','20000000-0000-0000-0000-000000000010','40000000-0000-0000-0000-000000000011','full_time','active','2022-01-01'),
  ('00000000-0000-0000-0000-000000000001','PK-S09','Kishankumar Bhuarabad','0000000909','20000000-0000-0000-0000-000000000010','20000000-0000-0000-0000-000000000010','40000000-0000-0000-0000-000000000011','full_time','active','2022-01-01'),
  ('00000000-0000-0000-0000-000000000001','PK-S10','Sushila Devi','0000000910','20000000-0000-0000-0000-000000000010','20000000-0000-0000-0000-000000000010','40000000-0000-0000-0000-000000000009','full_time','active','2022-01-01'),
  ('00000000-0000-0000-0000-000000000001','PK-S11','Aabha Devi','0000000911','20000000-0000-0000-0000-000000000010','20000000-0000-0000-0000-000000000010','40000000-0000-0000-0000-000000000009','full_time','active','2022-01-01'),
  ('00000000-0000-0000-0000-000000000001','PK-S12','Chaya Baisane','0000000912','20000000-0000-0000-0000-000000000010','20000000-0000-0000-0000-000000000010','40000000-0000-0000-0000-000000000009','full_time','active','2022-01-01'),
  ('00000000-0000-0000-0000-000000000001','PK-S13','Payal Sardar','0000000913','20000000-0000-0000-0000-000000000010','20000000-0000-0000-0000-000000000010','40000000-0000-0000-0000-000000000009','full_time','active','2022-01-01'),
  ('00000000-0000-0000-0000-000000000001','PK-S14','Lalita Chauhan','0000000914','20000000-0000-0000-0000-000000000010','20000000-0000-0000-0000-000000000010','40000000-0000-0000-0000-000000000009','full_time','active','2022-01-01'),
  ('00000000-0000-0000-0000-000000000001','PK-S15','Anita Ganesh Ram','0000000915','20000000-0000-0000-0000-000000000010','20000000-0000-0000-0000-000000000010','40000000-0000-0000-0000-000000000009','full_time','active','2022-01-01');

-- R&D + KITCHEN EXECUTION
INSERT INTO staff (tenant_id, employee_id, name, phone, primary_outlet_id, current_outlet_id, position_id, employment_type, employment_status, join_date) VALUES
  ('00000000-0000-0000-0000-000000000001','RD-001','Yash Sanjeev Ghodke','0000001001','20000000-0000-0000-0000-000000000011','20000000-0000-0000-0000-000000000011','40000000-0000-0000-0000-000000000012','full_time','active','2022-01-01'),
  ('00000000-0000-0000-0000-000000000001','RD-002','Husen Khan','0000001002','20000000-0000-0000-0000-000000000011','20000000-0000-0000-0000-000000000011','40000000-0000-0000-0000-000000000012','full_time','active','2022-01-01'),
  ('00000000-0000-0000-0000-000000000001','RD-003','Kamlesh Gamit','0000001003','20000000-0000-0000-0000-000000000011','20000000-0000-0000-0000-000000000011','40000000-0000-0000-0000-000000000012','full_time','active','2022-01-01'),
  ('00000000-0000-0000-0000-000000000001','RD-004','Adnan Saifuddin Rupawala','0000001004','20000000-0000-0000-0000-000000000011','20000000-0000-0000-0000-000000000011','40000000-0000-0000-0000-000000000012','full_time','active','2022-01-01'),
  ('00000000-0000-0000-0000-000000000001','RD-005','Rutvik Mukeshbhai Nayka','0000001005','20000000-0000-0000-0000-000000000011','20000000-0000-0000-0000-000000000011','40000000-0000-0000-0000-000000000012','full_time','active','2022-01-01'),
  ('00000000-0000-0000-0000-000000000001','RD-006','Diksha Chaudhari','0000001006','20000000-0000-0000-0000-000000000011','20000000-0000-0000-0000-000000000011','40000000-0000-0000-0000-000000000012','full_time','active','2022-01-01'),
  ('00000000-0000-0000-0000-000000000001','RD-007','Parthasarthy Sinha','0000001007','20000000-0000-0000-0000-000000000011','20000000-0000-0000-0000-000000000011','40000000-0000-0000-0000-000000000012','full_time','active','2022-01-01'),
  ('00000000-0000-0000-0000-000000000001','RD-008','Gaurang Bharuchi','0000001008','20000000-0000-0000-0000-000000000011','20000000-0000-0000-0000-000000000011','40000000-0000-0000-0000-000000000012','full_time','active','2022-01-01'),
  ('00000000-0000-0000-0000-000000000001','RD-009','Manish Kuchi','0000001009','20000000-0000-0000-0000-000000000011','20000000-0000-0000-0000-000000000011','40000000-0000-0000-0000-000000000012','full_time','active','2022-01-01');

-- ODC TEAM
INSERT INTO staff (tenant_id, employee_id, name, phone, primary_outlet_id, current_outlet_id, position_id, employment_type, employment_status, join_date) VALUES
  ('00000000-0000-0000-0000-000000000001','OD-001','Mohit Variya','0000001101','20000000-0000-0000-0000-000000000012','20000000-0000-0000-0000-000000000012','40000000-0000-0000-0000-000000000013','full_time','active','2022-01-01'),
  ('00000000-0000-0000-0000-000000000001','OD-002','Rajesh Vishwakarma','0000001102','20000000-0000-0000-0000-000000000012','20000000-0000-0000-0000-000000000012','40000000-0000-0000-0000-000000000013','full_time','active','2022-01-01'),
  ('00000000-0000-0000-0000-000000000001','OD-003','Mehil Nayka','0000001103','20000000-0000-0000-0000-000000000012','20000000-0000-0000-0000-000000000012','40000000-0000-0000-0000-000000000013','full_time','active','2022-01-01'),
  ('00000000-0000-0000-0000-000000000001','OD-004','Aftab Nadaf','0000001104','20000000-0000-0000-0000-000000000012','20000000-0000-0000-0000-000000000012','40000000-0000-0000-0000-000000000013','full_time','active','2022-01-01'),
  ('00000000-0000-0000-0000-000000000001','OD-005','Shubham Waghmare','0000001105','20000000-0000-0000-0000-000000000012','20000000-0000-0000-0000-000000000012','40000000-0000-0000-0000-000000000013','full_time','active','2022-01-01'),
  ('00000000-0000-0000-0000-000000000001','OD-006','Jay Parekh Anantbhai','0000001106','20000000-0000-0000-0000-000000000012','20000000-0000-0000-0000-000000000012','40000000-0000-0000-0000-000000000013','full_time','active','2022-01-01'),
  ('00000000-0000-0000-0000-000000000001','OD-007','Dipak Patel','0000001107','20000000-0000-0000-0000-000000000012','20000000-0000-0000-0000-000000000012','40000000-0000-0000-0000-000000000013','full_time','active','2022-01-01'),
  ('00000000-0000-0000-0000-000000000001','OD-008','Kinjal Sanjay Jani','0000001108','20000000-0000-0000-0000-000000000012','20000000-0000-0000-0000-000000000012','40000000-0000-0000-0000-000000000013','full_time','active','2022-01-01'),
  ('00000000-0000-0000-0000-000000000001','OD-009','Vegad Mohitkumar Dineshbhai','0000001109','20000000-0000-0000-0000-000000000012','20000000-0000-0000-0000-000000000012','40000000-0000-0000-0000-000000000013','full_time','active','2022-01-01'),
  ('00000000-0000-0000-0000-000000000001','OD-010','Vijaybhai Karsanbhai Purohit','0000001110','20000000-0000-0000-0000-000000000012','20000000-0000-0000-0000-000000000012','40000000-0000-0000-0000-000000000013','full_time','active','2022-01-01'),
  ('00000000-0000-0000-0000-000000000001','OD-011','Shripal Nanoma','0000001111','20000000-0000-0000-0000-000000000012','20000000-0000-0000-0000-000000000012','40000000-0000-0000-0000-000000000013','full_time','active','2022-01-01'),
  ('00000000-0000-0000-0000-000000000001','OD-012','Ganga Ram','0000001112','20000000-0000-0000-0000-000000000012','20000000-0000-0000-0000-000000000012','40000000-0000-0000-0000-000000000013','full_time','active','2022-01-01'),
  ('00000000-0000-0000-0000-000000000001','OD-013','Arjunlal Nanoma','0000001113','20000000-0000-0000-0000-000000000012','20000000-0000-0000-0000-000000000012','40000000-0000-0000-0000-000000000013','full_time','active','2022-01-01'),
  ('00000000-0000-0000-0000-000000000001','OD-014','Kishan Kamlesh Kahar','0000001114','20000000-0000-0000-0000-000000000012','20000000-0000-0000-0000-000000000012','40000000-0000-0000-0000-000000000013','full_time','active','2022-01-01'),
  ('00000000-0000-0000-0000-000000000001','OD-015','Suraj Vishwanath Bhartiya','0000001115','20000000-0000-0000-0000-000000000012','20000000-0000-0000-0000-000000000012','40000000-0000-0000-0000-000000000013','full_time','active','2022-01-01'),
  ('00000000-0000-0000-0000-000000000001','OD-016','Arman Kamrudin Shah','0000001116','20000000-0000-0000-0000-000000000012','20000000-0000-0000-0000-000000000012','40000000-0000-0000-0000-000000000013','full_time','active','2022-01-01'),
  ('00000000-0000-0000-0000-000000000001','OD-017','Mohan Nathu Kharadi','0000001117','20000000-0000-0000-0000-000000000012','20000000-0000-0000-0000-000000000012','40000000-0000-0000-0000-000000000013','full_time','active','2022-01-01'),
  ('00000000-0000-0000-0000-000000000001','OD-018','Chetan Dhansing Girase','0000001118','20000000-0000-0000-0000-000000000012','20000000-0000-0000-0000-000000000012','40000000-0000-0000-0000-000000000013','full_time','active','2022-01-01'),
  ('00000000-0000-0000-0000-000000000001','OD-019','Umesh Kumar Nanoma','0000001119','20000000-0000-0000-0000-000000000012','20000000-0000-0000-0000-000000000012','40000000-0000-0000-0000-000000000013','full_time','active','2022-01-01'),
  ('00000000-0000-0000-0000-000000000001','OD-020','Hritikraj Jaiswal','0000001120','20000000-0000-0000-0000-000000000012','20000000-0000-0000-0000-000000000012','40000000-0000-0000-0000-000000000013','full_time','active','2022-01-01'),
  ('00000000-0000-0000-0000-000000000001','OD-021','Ashvani Kumar','0000001121','20000000-0000-0000-0000-000000000012','20000000-0000-0000-0000-000000000012','40000000-0000-0000-0000-000000000013','full_time','active','2022-01-01'),
  ('00000000-0000-0000-0000-000000000001','OD-022','Avinash Kumar Bhola Ram','0000001122','20000000-0000-0000-0000-000000000012','20000000-0000-0000-0000-000000000012','40000000-0000-0000-0000-000000000013','full_time','active','2022-01-01');
